<?xml version="1.0" ?><tubes.daftardiagramlist><listdata class="com.sun.javafx.collections.ObservableListWrapper"><listenerHelper class="com.sun.javafx.collections.ListListenerHelper$Generic"><changeListeners><javafx.collections.WeakListChangeListener><ref><referent class="null"></referent><queue class="java.lang.ref.ReferenceQueue$Null"><lock></lock><queueLength>0</queueLength></queue></ref></javafx.collections.WeakListChangeListener><javafx.collections.WeakListChangeListener><ref><referent class="null"></referent><queue class="java.lang.ref.ReferenceQueue$Null" reference="../../../javafx.collections.WeakListChangeListener/ref/queue"></queue></ref></javafx.collections.WeakListChangeListener><javafx.collections.WeakListChangeListener><ref><referent class="null"></referent><queue class="java.lang.ref.ReferenceQueue$Null" reference="../../../javafx.collections.WeakListChangeListener/ref/queue"></queue></ref></javafx.collections.WeakListChangeListener><null></null></changeListeners><invalidationSize>0</invalidationSize><changeSize>3</changeSize><locked>false</locked></listenerHelper><changeBuilder><list class="com.sun.javafx.collections.ObservableListWrapper" reference="../.."></list><changeLock>0</changeLock><addRemoveChanges></addRemoveChanges></changeBuilder><backingList><tubes.daftardiagram><jenis><value>Domba</value><valid>true</valid><name></name></jenis><usia><value>2</value><valid>true</valid><name></name></usia><berat><value>10</value><valid>true</valid><name></name></berat></tubes.daftardiagram></backingList></listdata></tubes.daftardiagramlist>