<?xml version="1.0" ?><list><tubes.user><username>Arif</username><gender>Laki-laki</gender><password>12</password></tubes.user><tubes.user><username>Tegar</username><gender>Laki-laki</gender><password>12</password></tubes.user><tubes.user><username>Ivan</username><gender>Laki-laki</gender><password>1</password></tubes.user><tubes.user><username>admin</username><gender>Laki-laki</gender><password>12</password></tubes.user><tubes.user><Email>danu23@gmail.com</Email><username>Danu</username><gender>Laki-laki</gender><password>12</password></tubes.user><tubes.user><Email>dana34@gmail.com</Email><username>Dana</username><gender>Laki-laki</gender><password>12</password></tubes.user><tubes.user><Email></Email><username></username><password></password></tubes.user><tubes.user><Email>dani@gmail.com</Email><username>dani</username><gender>Laki-laki</gender><password>12</password></tubes.user><tubes.user><Email>fahri@gmail.com</Email><username>fahri</username><gender>Laki-laki</gender><password>12345</password></tubes.user><tubes.user><Email>majid@gmail.com</Email><username>majid</username><gender>Laki-laki</gender><password>12345</password></tubes.user></list>