<?xml version="1.0" ?><tubes.DataTernak-array><null></null><null></null><null></null><null></null><null></null><null></null><null></null><null></null><null></null><null></null><null></null><null></null><null></null><null></null><null></null><null></null><null></null><null></null><null></null><null></null><null></null><null></null><null></null><null></null><null></null><null></null><null></null><null></null><null></null><null></null><null></null><null></null><null></null><null></null><null></null><null></null><null></null><null></null><null></null><null></null><null></null><null></null><null></null><null></null><null></null><null></null><null></null><null></null><null></null><null></null><null></null><null></null><null></null><null></null><null></null><null></null><null></null><null></null><null></null><null></null><null></null><null></null><null></null><null></null><null></null><null></null><null></null><null></null><null></null><null></null><null></null><null></null><null></null><null></null><null></null><null></null><null></null><null></null><null></null><null></null><null></null><null></null><null></null><null></null><null></null><null></null><null></null><null></null><null></null><null></null><null></null><null></null><null></null><null></null><null></null><null></null><null></null><null></null><null></null></tubes.DataTernak-array>